Author,HIndex
Li-zhen Cui,3
W. Bruce Croft,3
Dawei Yin,2
Hamed Zamani,2
Xiangnan He,2
Jiawei Han,2
Jianbing Shen,2
Jiashu Zhao,2
Julian McAuley,2
Ross B. Girshick,2
Jianfeng Gao,2
L. Guibas,2
Xiao Liu,2
Yongfeng Zhang,2
Zhankui He,2
Weixiong Zhang,2
Kun Fu,2
Deng Cai,2
C. Aggarwal,2
Sijie Ruan,2
T. Funkhouser,2
Yangqiu Song,2
Tat-Seng Chua,2
Yong Yu,2
João Carreira,2
Hui Xiong,2
Junbo Zhang,2
Zhi-Hua Zhou,2
Jiarui Qin,2
Alexandros Karatzoglou,2
Michael I. Jordan,2
W. Zhang,2
Mingsheng Long,2
Y. Wu,2
Enhong Chen,2
Richang Hong,2
Ji-rong Wen,2
Jun Xu,2
Shuo Shang,2
David Hafner,1
Longlong Jing,1
Ming Ding,1
Jie Tang,1
Jamie Callan,1
Zonghan Wu,1
Shirui Pan,1
Yongdong Zhang,1
René Ranftl,1
Junxiong Zhu,1
Zhuotao Tian,1
Kaiyuan Li,1
Na Mou,1
Hazel Doughty,1
Yuan Tian,1
Edouard Grave,1
Pranav Khaitan,1
Shuokai Li,1
Sinno Jialin Pan,1
Kede Ma,1
Qibin Hou,1
Bolin Ding,1
Yixin Liu,1
Kyunghyun Cho,1
Çaglar Gülçehre,1
Ming Jin,1
Chuan Zhou,1
A. Menon,1
Jie Gui,1
Fuli Feng,1
Marco Morik,1
Michal Walczak,1
Gang Niu,1
Fumin Shen,1
K. Murphy,1
M. de Vos,1
Yuyuan Tang,1
Y. Yoo,1
Junliang Yu,1
Dmitry Kalenichenko,1
H. Rahmani,1
Joey Tianyi Zhou,1
Xi Xiao,1
Naman Goyal,1
Yujun Yan,1
Xibin Zhao,1
Andrew Zisserman,1
Chao Chen,1
Yuning You,1
Nick Craswell,1
Xinyan Fan,1
Jin Huang,1
Zhiyong Cheng,1
Zihan Zheng,1
H. Kazawa,1
Ziwei Liu,1
Linzhao Wang,1
M. Cord,1
B. Prakash,1
Hao Wang,1
Xiwang Yang,1
Feng Xia,1
Shuyang Zhao,1
Jianmo Ni,1
Tiago Ramalho,1
Kwok-Fung Tang,1
Shijun Li,1
Xiaodong He,1
Haifeng Zhao,1
Jiaqi Ma,1
Hao Su,1
B. Yang,1
Yixiang Fang,1
Catalin Ionescu,1
Shiyu Chang,1
Junsong Yuan,1
Yuchao Dai,1
Hui Liang,1
Zhendong Mao,1
Tegan Maharaj,1
I. Stoica,1
Xuan Wang,1
B. Ooi,1
Ankur Dave,1
Wen-tau Yih,1
Sean MacAvaney,1
Hsiang-Fu Yu,1
Haochuan Sun,1
Guoxiao Zhang,1
B. Benatallah,1
Fajie Yuan,1
Xin Xin,1
Hao Jia,1
J. Guo,1
D. Gleich,1
Vikas Verma,1
Christian Janvin,1
Zhezhao Xu,1
Quanfu Fan,1
D. Nguyen,1
L. Itti,1
Tian Xia,1
Jianxin Ma,1
Zhangyang Wang,1
H. Dodge,1
Lee,1
Weibo Gao,1
Min Du,1
Michael R. Lyu,1
Jonathan Ho,1
Jean-Philippe Vert,1
Stefano Rosa,1
A. Blake,1
Jingshuai Zhang,1
Wenqi Fan,1
Zizhao Dong,1
Xinyu Ma,1
Kaiming He,1
Haoqi Fan,1
Christian Szegedy,1
Stephan Günnemann,1
Tianlong Chen,1
Bowen Liu,1
Yanghao Li,1
Dimitris Tsipras,1
Chen Change Loy,1
Ronak Kosti,1
Bailin Deng,1
Chuan-Xian Ren,1
D. Shuman,1
Xuanrong Yao,1
Kai Shu,1
Congyin Xia,1
Huawei Shen,1
Sheikh Muhammad Sarwar,1
Eugene Agichtein,1
F. Javed,1
Chao Huang,1
Peng Dai,1
Kun Zhou,1
Dongmei Zhang,1
Lecheng Zheng,1
Tao Qin,1
Junming Shao,1
Shuqing Bian,1
Huaxiu Yao,1
C. Wang,1
Can Liu,1
L'ea Briand,1
Zhewei Wei,1
Zhihua Zhu,1
Dingqi Yang,1
Huan Liu,1
Fei Wang,1
Le Dai,1
Xifeng Yan,1
Alvin Wan,1
Xiuqiang He,1
Wayne Xin Zhao,1
Jimmy J. Lin,1
Fernando Diaz,1
Qiang Yang,1
Yanjie Fu,1
Minghui Qiu,1
Chen Gao,1
Yaliang Li,1
Zihao Ye,1
Shu Wu,1
Jun Ma,1
Lucas Vinh Tran,1
Ziwei Zhu,1
A. D. Vries,1
Raoul de Charette,1
Min Sun,1
Hanxiao Liu,1
Jia Li,1
Du Tran,1
Alexandre Sablayrolles,1
Guoliang Kang,1
Zhi Yu,1
Masashi Sugiyama,1
Guoshuai Zhao,1
Xiuwen Yi,1
Xinzhong Zhu,1
Jiangnan Xia,1
Sihang Zhou,1
Lizong Zhang,1
Xiaojun Chen,1
Dan Zhao,1
Dong Xie,1
Guillaume Raille,1
Gaël Grosch,1
Bharath K. Sriperumbudur,1
Liang Jiang,1
Jiwei Li,1
E. Xing,1
Federico Monti,1
Miao Zhao,1
Matthias De Lange,1
Ishan Misra,1
Lu Qin,1
M. Ouzzani,1
Feifei Li,1
Chunyang Liu,1
Yudian Zheng,1
Eamonn J. Keogh,1
M. Hebert,1
Gregory Shakhnarovich,1
J. Carbonell,1
Guangzhong Sun,1
Olga Papaemmanouil,1
Chudi Zhong,1
Wenqi Xian,1
Michael D. Flynn,1
Ashutosh Saxena,1
D. Shen,1
Guanglu Song,1
Marc Masana,1
Min Sun,1
X. Xue,1
F. Khan,1
M. Niskanen,1
Yinlin Hu,1
P. Fua,1
A. Cherian,1
K. Jia,1
Bo Jiang,1
Jiaya Jia,1
Kuk-Jin Yoon,1
Dong Chen,1
Ian Covert,1
S. Ostadabbas,1
Trevor Darrell,1
Wei Yin,1
Shih-Fu Chang,1
Tiexin Qin,1
Yinghuan Shi,1
M. Jaritz,1
Yue Wu,1
M. Salzmann,1
Lei Zhang,1
Stephen Gould,1
Cewu Lu,1
M. Afifi,1
Xiaogang Wang,1
Devi Parikh,1
Dhruv Batra,1
Feiyue Huang,1
Timo Milbich,1
Xiaodong Wang,1
Christoph Baur,1
Zijia Lin,1
Shuai Yuan,1
Pengchuan Zhang,1
Jifeng Dai,1
V. Lempitsky,1
Pierre-Antoine Manzagol,1
Ashwin Machanavajjhala,1
Vijay Rao,1
Ping Luo,1
A. Khosla,1
Zhen Liao,1
Yan Duan,1
Jovian Lin,1
Nitin Agarwal,1
Bruno Korbar,1
Haoyang Ding,1
J. Gehrke,1
Yang Zhang,1
Mehrdad Farajtabar,1
S. Sclaroff,1
P. Fua,1
Guoren Wang,1
Zhicheng Dou,1
Philip S. Yu,1
Meng Wang,1
Ruiming Tang,1
Hongjin Qian,1
D. Cheng,1
Z. Ren,1
Fangzhao Wu,1
Chuhan Wu,1
Defu Lian,1
Weinan Zhang,1
Yiqun Liu,1
Q. Liu,1
Tong Zhao,1
Xiang Ao,1
Fausto Giunchiglia,1
Tianyi Wang,1
Gangfeng Ye,1
Hongbo Deng,1
Lizi Liao,1
Ruijie Wang,1
Shengzhong Liu,1
Huajie Shao,1
Jiliang Tang,1
S. Dumais,1
Heng Tao Shen,1
Lei Zhu,1
Jiayuan Ding,1
Lun Du,1
Ying Li,1
Heng Huang,1
U. Fayyad,1
Heng Huang,1
Ritika Pandey,1
R. Ramnath,1
Jieping Ye,1
Xiao Wang,1
C. Shi,1
Meng Jiang,1
Jingbo Shang,1
Shangsong Liang,1
Wenwu Zhu,1
Yudong Chen,1
Shengwen Yang,1
Kai Zhong,1
Sakina Bohra,1
Quoc V. Le,1
Xuelong Li,1
Meng Jiang,1
Chunhua Shen,1
Tai Wang,1
Hongyu Li,1
Ryan Geiss,1
Florian Kainz,1
Zhimin Gao,1
Wenzheng Chen,1
Xavier Martin,1
Peng Wang,1
Tsung-Yu Lin,1
Anran Wang,1
Wei Wu,1
Gyeongsik Moon,1
Mohamed Hassan,1
Xiao Yan,1
Liang Wu,1
Yuzhou Zhang,1
Zhao Cao,1
Changhua Pei,1
Liefeng Bo,1
Bowen Du,1
Wei Wang,1
R. McCreadie,1
Nikolay Manchev,1
Yinda Zhang,1
K. Tan,1
An Liu,1
Aaron J. Elmore,1
L. Mukherjee,1
Jinchi Lv,1
Yexin Li,1
Jiawei Han,1
Hongzuo Xu,1
Juanyong Duan,1
Guojie Song,1
Yuanyuan Liu,1
Zackory M. Erickson,1
Defeng Guo,1
Esteban Real,1
Oana Goga,1
Seyoung Kim,1
Vivek Kulkarni,1
Ting Zhang,1
Weiming Hu,1
Yue Zhao,1
Michael J. Black,1
Yuexin Ma,1
Ruben Villegas,1
Xin Tong,1
Qi Tian,1
Haiyang Wang,1
Vibhav Vineet,1
Hui Chen,1
Kostas Daniilidis,1
D. Damen,1
Changhe Tu,1
Tilke Judd,1
Teng Li,1
Yuki Endo,1
Hang Zhao,1
Ming Chen,1
Z. Bylinskii,1
R. Cipolla,1
A. Markham,1
Kibok Lee,1
Kai Zhang,1
Hao Qian,1
Jianshu Chen,1
Dmitry Lagun,1
Yang Feng,1
A. Rasin,1
Jianing Sun,1
Jiani Zhang,1
Qingyun Wu,1
Bowen Hao,1
Alberto García-Durán,1
Jialie Shen,1
Wei Cheng,1
Zhiliang Tian,1
Renhao Tan,1
Changsheng Gu,1
E. Xiang,1
Honglak Lee,1
Zhaonan Wang,1
Shen Yan,1
Qizhou Wang,1
N. Sidiropoulos,1
M. Schröder,1
Ladjel Bellatreche,1
S. Aminikhanghahi,1
P. Varalakshmi,1
Binbin Gu,1
Weihao Jiang,1
Dongdong Cheng,1
Wenpeng Yin,1
Xiaokai Wei,1
M. Orgun,1
Xiaochun Cao,1
Alexander Tsigler,1
Mario Lucic,1
Joan Bruna,1
John Wright,1
Deyu Meng,1
Zongben Xu,1
Philip H. S. Torr,1
R. Motwani,1
X. Chen,1
Wei Dai,1
L. Fei-Fei,1
Rohith Kuditipudi,1
J. Nyarko,1
H. Liu,1
E. Shi,1
A. Batkin,1
Christoph Feichtenhofer,1
Daniel Kifer,1
Shumo Chu,1
André Susano Pinto,1
Salah Rifai,1
Aviv Tamar,1
Zhicheng Liu,1
Matthieu Courbariaux,1
Max Heimel,1
R. Vidal,1
Yana Volkovich,1
Chloe Hillier,1
S. Izadi,1
Liwei Qiu,1
Deepak Pathak,1
Tong Yang,1
Minghua Deng,1
Peng Cheng,1
Jundong Li,1
Wenjie Zhang,1
Xia Hu,1
Zheng Wang,1
Xuan Song,1
Da Yan,1
Yizhou Sun,1
P. Cudré-Mauroux,1
Xiaodong Zhang,1
Dongsheng Luo,1
Simran Arora,1
Hassen Drira,1
B. Caputo,1
Nannan Wang,1
Q. Tian,1
M. Sarrafzadeh,1
Han Xu,1
Qi Xie,1
Zhuoyuan Wang,1
Jincai Lai,1
Jakob Uszkoreit,1
François Rameau,1
Yu-Gang Jiang,1
L. Sigal,1
C. Ferrari,1
Richard Tucker,1
Noah Snavely,1
W. Freeman,1
Tao Mei,1
Zongming Guo,1
Weipeng Xu,1
Michael Zollhoefer,1
K. M. Yi,1
Dan Xu,1
Peter Gehler,1
Guoli Song,1
Shuhui Wang,1
Jiteng Yuan,1
Su-Jing Wang,1
Xiaolan Fu,1
Yuqi Ding,1
Jianping Shi,1
Srinivas C. Turaga,1
Zhen Lei,1
Guillermo Gallego,1
Aliaksandr Siarohin,1
Huiyang Wang,1
Manning Wang,1
Zhenguo Li,1
Alois Knoll,1
Zhengdao Wang,1
A. Zheng,1
Kamal Nasrollahi,1
Koji Maruhashi,1
J. Dean,1
Xiuying Chen,1
Minh-Thang Luong,1
Ali Farhadi,1
Yuke Zhu,1
Li Fei-Fei,1
Huizhong Duan,1
Steffen Rendle,1
Sorelle A. Friedler,1
Junjie Yao,1
G. Falkman,1
Zoubin Ghahramani,1
Jingyue Gao,1
Xingxuan Zhang,1
Yoshua Bengio,1
R. Zemel,1
Dina Demner-Fushman,1
Saizheng Zhang,1
Zhe Gan,1
Shanghang Zhang,1
Wei-Hong Chuang,1
Max Bain,1
Arsha Nagrani,1
Jie Lei,1
Mohit Bansal,1
F. Iandola,1
Piotr Dollár,1
C. L. Zitnick,1
Alexei A. Efros,1
Guandong Xu,1
Liting Lin,1
Jizheng Xu,1
Xiaowei Zhou,1
Ludovic Hoyet,1
Wojciech Galuba,1
Yuyang Zou,1
E. Granum,1
Xiaoming Li,1
N. Homayounfar,1
A. Kassim,1
J. Fritz,1
Wei Teng,1
Yuqi Yang,1
J. Larkin,1
S. Höfling,1
Jing Huang,1
Hai Liu,1
Jonathan Eisenmann,1
Guorun Yang,1
Florian Kraus,1
Xin Yu,1
Jawadul H. Bappy,1
Claire Evans,1
F. Langbein,1
K. Lipnikov,1
Ugur Çogalan,1
Mojtaba Bemana,1
Soheil Darabi,1
Matthew O'Toole,1
Li Zhang,1
Florian Rousset,1
Yanqin Chen,1
Ethem Alpaydin,1
A. Pinsonneault,1
P. E. Wright,1
E. Adelson,1
Youxi Wu,1
M. Wakin,1
K. Linn,1
Zhongyi Pei,1
A. Plaza,1
D. Salesin,1
Shaojun Pan,1
Alice Leung,1
Guangyu Gao,1
E. Konukoglu,1
Tung-Wei Kuo,1
G. Schoenebeck,1
N´estor Fabian C. Moss,1
Yuzong Liu,1
Richard Shafer,1
Alexandre Ramé,1
J. Ruiz-Shulcloper,1
Neal Patwari,1
Lei Shen,1
D. Vishwakarma,1
Zhijie Deng,1
Tom White,1
V. Jampani,1
Di Yao,1
Longfei Li,1
Zhenhua Dong,1
Xing Xie,1
G. Zuccon,1
Hao Wang,1
Zhuyun Dai,1
S. Sadiq,1
E. Nouri,1
Hongzhi Yin,1
Tong Chen,1
Feida Zhu,1
Haitao Li,1
Carl Yang,1
F. Crestani,1
Florina Piroi,1
Michael Bendersky,1
Jieming Zhu,1
Wei Chu,1
Jiawei Chen,1
Depeng Jin,1
Yong Li,1
Fuzhen Zhuang,1
Tianhao Shi,1
Shengyao Zhuang,1
Yonghui Yang,1
Jun Xu,1
Kun Gai,1
Pengpeng Zhao,1
T. Joachims,1
Ed H. Chi,1
F. Sarvi,1
Falk Scholer,1
Guanghui Zhu,1
C. Yuan,1
Xingyu Pan,1
T. D. Noia,1
Wei Guo,1
Ruobing Xie,1
Fuzhen Zhuang,1
Changping Wang,1
Thalaiyasingam Ajanthan,1
Hsiu-Wei Yang,1
Yikun Xian,1
Aixin Sun,1
Antonio Mallia,1
Hamed Bonab,1
Shaoping Ma,1
Tat-seng Chua,1
Xiangyu Zhao,1
Rishiraj Saha Roy,1
Zhihong Chen,1
G. Cong,1
Lisi Chen,1
Gongduo Zhang,1
Lihong Gu,1
Jaroslaw Szlichta,1
Zhiqiang Tao,1
Hongxu Chen,1
Dezhong Peng,1
Xueqi Cheng,1
Congying Xia,1
Caiming Xiong,1
Yunqiu Shao,1
Yunjun Gao,1
Lina Yao,1
Pengfei Zhang,1
Bo Long,1
Hongxia Yang,1
Weizhi Ma,1
Min Zhang,1
Zuxuan Wu,1
Bryan Catanzaro,1
Wenguan Wang,1
Yinqiang Zheng,1
Yu-Kun Lai,1
Yuming Fang,1
Joost van de Weijer,1
Xiaoou Tang,1
Shijun Xiang,1
Jianwen Xie,1
J. Vanschoren,1
Bennamoun,1
M. Shah,1
Xianglong Liu,1
V. Koltun,1
Kaiyang Zhou,1
Hongsheng Li,1
Y. Qiao,1
Henri Rebecq,1
D. Scaramuzza,1
Torsten Sattler,1
M. Pollefeys,1
Lin Wang,1
Xu Wang,1
Bolei Zhou,1
Yinghao Xu,1
Xiaowei Zhou,1
Chi-Wing Fu,1
A. Yuille,1
Kyoung Mu Lee,1
Qi Tian,1
Cheng Li,1
Si Liu,1
Shintaro Shiba,1
F. Yu,1
Jiangmiao Pang,1
Oliver Wang,1
Shu Liu,1
Xilin Chen,1
Chengbo Dong,1
Xinru Chen,1
Fabio Tosi,1
S. Savarese,1
Dingwen Zhang,1
Junsong Yuan,1
Nick Barnes,1
J. Clough,1
J. Nam,1
X. Zhang,1
R. Ji,1
Slobodan Ilic,1
Jihan Yang,1
Ying He,1
Haotian Tang,1
Jianguo Zhang,1
T. Tan,1
Ming-Hsuan Yang,1
Rie Johnson,1
Fangneng Zhan,1
Yingchen Yu,1
Tal Hassner,1
P. Natarajan,1
Gerard Pons-Moll,1
Nian Liu,1
Fang Wen,1
Patrick Grady,1
Peiqi Duan,1
L. D. Stefano,1
Jinhua Zhu,1
Basura Fernando,1
Dongjin Kwon,1
Kris M. Kitani,1
Tae-Kyun Kim,1
Ziyan Wu,1
Xiaowei Guo,1
Ming-Yu Liu,1
Angela Yao,1
Ngai-Man Cheung,1
Da Chen,1
Jia Deng,1
Liang He,1
Cheng Chen,1
P. Indyk,1
N. Liu,1
Ya Xu,1
C. Andrade,1
Zhiyuan Xu,1
Chee Loong Soon,1
Philipp Moritz,1
Zilei Wang,1
Dahua Lin,1
A. Fitzgibbon,1
P. Lambin,1
T. Griffiths,1
A. Ng,1
Mohamed Elhoseiny,1
Ting Jiang,1
Youngho Kim,1
Rémi Cadène,1
Congzheng Song,1
Ziwei Zhang,1
R. Feris,1
Andrew Jaegle,1
Wanyu Chen,1
A. Schwing,1
Shuyang Lin,1
Nenghai Yu,1
J. Ying,1
Angel X. Chang,1
Pei Sun,1
Zeming Li,1
Yinpeng Chen,1
Bin Xiao,1
Ohad Rozen,1
Min Yang,1
Wei Chu,1
Karen Livescu,1
Dinesh Manocha,1
Z. Tu,1
João F. Henriques,1
Bhuwan Dhingra,1
Nazneen Rajani,1
Fanghua Ye,1
K. Yao,1
K. Sakurai,1
Lingxiao Zhao,1
Xiaoyang Wang,1
Le Zhang,1
A. Bovik,1
Weixin Wang,1
P. Zhang,1
Shanshan Chen,1
C. Moore,1
Zoran Despotovic,1
Yuki M. Asano,1
Yida Zhao,1
Carl Vondrick,1
Julian Ibarz,1
Long Jin,1
S. Drucker,1
Avinash Ravichandran,1
R. Mahindru,1
Beidou Wang,1
Licheng Yu,1
Colin Lockard,1
M. Boni,1
Xin Liu,1
Yang Long,1
Hengyuan Hu,1
Chi-Keung Tang,1
Lei Zhu,1
Guangtao Wang,1
Roberto Navigli,1
Kunfeng Lai,1
Jiaxin Mao,1
Zhuolin Jiang,1
Jun Wang,1
Shuangli Li,1
J. Culpepper,1
Yi Zhang,1
Jaewon Yang,1
Donald Metzler,1
Rossano Venturini,1
Chris Quirk,1
Zang Li,1
Ee-Peng Lim,1
Eugene Yang,1
S. Parthasarathy,1
C. Schmid,1
Chih-Jen Lin,1
Christian S. Jensen,1
Yan Jiang,1
Yan Zhuang,1
Jing Yao,1
Rui Yan,1
D. Agrawal,1
Shaoxu Song,1
Xiaokui Xiao,1
Yongxin Tong,1
Zimu Zhou,1
A. Bifet,1
Yu Zheng,1
Lei Chen,1
Tova Milo,1
Xiaofang Zhou,1
Saravanan Thirumuruganathan,1
Gautam Das,1
Guoliang Li,1
Yinghui Wu,1
Felix Naumann,1
O. Mutlu,1
R. Ramakrishnan,1
Yuxuan He,1
Y. Ishikawa,1
Xinyu Tang,1
Alex Deng,1
Yeye He,1
Hongchang Gao,1
Jiayu Zhou,1
Ziyu Wang,1
Jizhou Huang,1
Junchi Yan,1
Y. Li,1
Eunyee Koh,1
Guansong Pang,1
R. Caruana,1
Harsha Nori,1
A. Karpatne,1
Fenglong Ma,1
Huan Sun,1
M. Ester,1
Junxiang Chen,1
F. A. Chowdhury,1
Jing Jiang,1
Xiaojun Chang,1
Yuxiao Dong,1
Jing Zhang,1
Tong Zhao,1
T. Zhao,1
Yue Ning,1
M. Varma,1
Yongfeng Huang,1
Tamara L. Berg,1
J. Leskovec,1
J. Lai,1
Rex Ying,1
Ridwan Jalali,1
Hassan H. Hamam,1
Fenglong Ma,1
Luoyi Fu,1
Bo Han,1
Hanghang Tong,1
Zeyu Yang,1
Kevin Haas,1
X. Qie,1
Alexander Rodr'iguez,1
Hao Wang,1
J. Kleinberg,1
Yang Zhao,1
Liang X. Pan,1
Weiping Song,1
Zhicheng Ren,1
Chengliang Gao,1
Zhe Zhao,1
Guoxian Yu,1
Senthil Kumar,1
Bo Dai,1
Jian Tang,1
H. Xiong,1
F. Nie,1
Bill Yuchen Lin,1
P. Thompson,1
Aidong Zhang,1
Stefano Ermon,1
Bo Li,1
Yan Liu,1
Naren Ramakrishnan,1
Adam Henderson,1
Yuan Jiang,1
Chunli Guo,1
A. Goldsmith,1
Kevin Zhao,1
J. Cavendish,1
Jun Saito,1
Aljosa Osep,1
M. Rakhuba,1
Richard Hahn,1
Shaodi You,1
Rong Jin,1
Xiaogang Wang,1
Khoi Duc Minh Nguyen,1
Yuxi Li,1
A. Masullo,1
Jingwei Ji,1
Bugra Tekin,1
D. Fouhey,1
Thomas Whelan,1
J. Pont-Tuset,1
Shen Yan,1
Junsik Kim,1
Jian-zhuo Liu,1
Deqing Sun,1
Feng Lu,1
Ricardo Garcia Pinel,1
Xiaoming Zhao,1
Peter Hedman,1
Lincheng Li,1
F. Xu,1
Hao Zhu,1
Haoxiang Li,1
Xinjing Cheng,1
Li Jiang,1
Liwei Wang,1
Kihwan Kim,1
Guofeng Zhang,1
Jiangjian Xiao,1
Mengyuan Liu,1
Ling Shao,1
Saghir Alfasly,1
Hao Liu,1
Runyu He,1
Zhenzhi Wang,1
Cheng-hsin Wuu,1
Qingxiong Yang,1
Ijaz Akhter,1
Orit Kliper-Gross,1
James W. Davis,1
Yingtian Zou,1
Fahim Mannan,1
Luxin Yan,1
Q. Wu,1
Muhammed Kocabas,1
Daniel Gehrig,1
F. Cervenansky,1
Xin Yang,1
Mahendra Khened,1
V. Kollerathu,1
Fujun Luan,1
Youssouf Chherawala,1
Gernot Riegler,1
Cem Keskin,1
Jonathan Taylor,1
M. Noshad,1
Qiuping Jiang,1
N. Cheema,1
T. Müller,1
Menglei Chai,1
Xinpeng Liu,1
Rajmund Nagy,1
Wei Zhai,1
Junfu Pu,1
Youngdong Kim,1
Chaoshun Xu,1
Chun-yu Wang,1
Ruiqin Xiong,1
Siqin Li,1
Yu Zhang,1
Erik Wijmans,1
Andra Acsintoae,1
Paul Sumedrea,1
Tianyue Zheng,1
Shiwei Zhang,1
Zhun Zhong,1
T. Harada,1
Alahari Karteek,1
Y. Matsushita,1
Bohan Zhuang,1
Damian Borth,1
J. Tourneret,1
S. Fan,1
Liang Chen,1
A. Jagota,1
Manpreet Singh,1
Afroz Mohiuddin,1
Shikhar Sharma,1
Manoj Plakal,1
Jiao Luo,1
George Cazenavette,1
Mathew Monfort,1
P. Hermosilla,1
Yinan Yu,1
Yichen Zhu,1
Yihao Chen,1
Dasol Hwang,1
Anurag Arnab,1
Mingjie Sun,1
Kun He,1
Rongpeng Li,1
Yu-Xiong Wang,1
Fei Sun,1
Arun Mallya,1
Keke Cai,1
Zhengyi Wang,1
Shuo Wang,1
Kevis-Kokitsi Maninis,1
H. Feldman,1
J. Gemmeke,1
Jonathan Le Roux,1
M. Kang,1
J. Sacramento,1
J. Aneja,1
D. Cremers,1
Jianhang Huang,1
Mahdyar Ravanbakhsh,1
P. Radivojac,1
Chanju Kim,1
Qi Zhao,1
Kang Li,1
Tian Li,1
G. Sapiro,1
Kaustav Kundu,1
Ellyn Ayton,1
Courtney Corley,1
Abhaya Jha,1
K. Hua,1
Karl Kumbier,1
Runhao Zeng,1
Yuqing Song,1
D. Braun,1
N. El-Hachem,1
Y. Yoshida,1
Nurdan Kuru,1
Hao Zhang,1
M. Trivedi,1
A. Tomkins,1
B. Saha,1
Evimaria Terzi,1
Zaiqiao Meng,1
T. Le,1
E. Bakshy,1
Shuguang Han,1
O. Zolotareva,1
Amr Ahmed,1
Anthony Wirth,1
Chao Ma,1
Zhengping Che,1
Yanfang Ye,1
Zhihui Li,1
Qiaozhu Mei,1
Shenghuo Zhu,1
Hongzhi Shi,1
R. Salakhutdinov,1
Le Song,1
Meng Wang,1
Shuicheng Yan,1
Yongjun Wang,1
Chenxin Xu,1
Dazhong Shen,1
Huan Liu,1
Ziyue Qiao,1
Kevin Tschirhart,1
Jinhyung Kim,1
Margot J. Taylor,1
Cheng Lu,1
Tianxing Fan,1
Sandesh Shetty,1
Kyungmin Jo,1
Feiying Ma,1
Yi Zhang,1
Du-sik Park,1
Tom F. H. Runia,1
S. D. Rajasekaran,1
Zhaojin Huang,1
Bokui (William) Shen,1
Abrar H. Abdulnabi,1
Seoyoung Ahn,1
Y. Freer,1
T. Willig,1
Ze Ma,1
Huan Yan,1
J. Csernansky,1
C. Li,1
Haiting Lin,1
F. E. Tay,1
Stanislas Chambon,1
A. Sterr,1
M. Galtier,1
Kai Fu,1
Adrien Treuille,1
Liu Fan,1
M. Abidi,1
Hongyang Tang,1
R. Pal,1
Esther Williams,1
Cheng Zhan,1
Han-Shin Jo,1
Julien N. P. Martel,1
Xinyue Liu,1
Xudong Hou,1
Guojie Li,1
P. Ogunbona,1
Yang He,1
Harkirat Singh Behl,1
L. Mirny,1
Zhihui Lai,1
Niklas Lavesson,1
R. Chang,1
Ruichi Yu,1
Shobeir Fakhraei,1
Wei Jing,1
K. Vahi,1
Vahid Behbood,1
J. Hester,1
Y. Hoshida,1
A. Georghiades,1
XinHua Zhang,1
Xiao-Xin Li,1
Zifang Guo,1
Cong Liu,1
Chenhui Zhang,1
Lequan Yu,1
W. Senn,1
Martin Danelljan,1
V. Škerk,1
Hongchen Tan,1
Xianxu Hou,1
Samuel Carton,1
Thanh Nguyen-Duc,1
Dongming Zhang,1
Lusi Li,1
Hekai Zhang,1
Jingying Yang,1
Saif Khan,1
B. Solenthaler,1
Y. Liu,1
Shuqin Wang,1
Cheng Zhou,1
Minh Vo,1
G. Favier,1
Xiaodao Chen,1
Xing-er Liu,1
C. Févotte,1
Yung-Yu Chuang,1
Yijun Liu,1
Weichen Ke,1
Raunak Shrestha,1
K. Ang,1
J. Hutton,1
Qi Zhu,1
C. Riva,1
Qian Hu,1
C. Yuan,1
Xingang Pan,1
Zheng Qin,1
Fanyi Xiao,1
P. Abry,1
Bahjat Kawar,1
J. Tenenbaum,1
Hongjun Wang,1
Jialiang Li,1
Yunhe Pan,1
Yin Zhang,1
Y. Yoshiyasu,1
Gangshan Wu,1
Guihai Chen,1
M. Sapino,1
Dong Deng,1
Ling Shao,1
Uwe Röhm,1
P. Wang,1
Prateek Mittal,1
Xuanhua Shi,1
Mingjie Tang,1
Yongyang Yu,1
Xuemin Lin,1
D. Zeinalipour-Yazti,1
T. Rabl,1
J. Pei,1
Jiangsen Pei,1
Hengshu Zhu,1
Robert Underwood,1
Shiliang Pu,1
Guodong Chen,1
M. Franklin,1
K. Aberer,1
Lei Zou,1
Zhen Peng,1
W. Liu,1
Mingkui Tan,1
T. Pedersen,1
Jianhua Feng,1
John Paparrizos,1
Yiding Liu,1
Tim Kraska,1
P. Merialdo,1
Riccardo Mancini,1
Binbin Hu,1
Xiang Cheng,1
Chaoyun Zhang,1
Mi Zhang,1
Shigang Chen,1
Kaixiong Zhou,1
D. Song,1
Jelle Hellings,1
Mohammad Sadoghi,1
Tyler Derr,1
Gao Cong,1
N. Ho,1
Sian Jin,1
Bo Tang,1
Qi Li,1
S. Madden,1
Jiaxin Jiang,1
B. Dilkina,1
C. Jensen,1
Kijung Shin,1
E. Rahm,1
Hemant Saxena,1
K. Leung,1
Jiannan Wang,1
Hong Cheng,1
Amr Ebaid,1
Chunbin Lin,1
Chengfei Liu,1
Chen Ye,1
Senjuti Basu Roy,1
Qingchao Cai,1
Yuqiu Qian,1
A. Pfadler,1
Yan Wang,1
D. Papadias,1
F. Bonchi,1
Kai Yang,1
Çağatay Demiralp,1
Avishek Ghosh,1
Daniel J. Liebling,1
Hongning Wang,1
Stefano Soatto,1
Manling Li,1
Furu Wei,1
M. Larson,1
A. Gupta,1
Yang Yu,1
Jian Cheng,1
J. Konstan,1
Hang Li,1
Xi Li,1
Ming-Ting Sun,1
I. Goodfellow,1
Jeffrey Heer,1
Quanzeng You,1
Dale Schuurmans,1
Joshua Achiam,1
Miles Brundage,1
I. Abdelaziz,1
M. Pedersoli,1
Yin-wei Wei,1
Xue-Fen Han,1
Chun Chen,1
Xiao Wang,1
Jingjie Li,1
Honghui Chen,1
Akari Asai,1
Mohit Iyyer,1
A. Salem,1
Nicholas Jing Yuan,1
Xiang Ren,1
Junru Wu,1
D. Hassabis,1
Thanh-Binh Tran,1
Abhijnan Chakraborty,1
Shuzi Niu,1
Xiaodong Liu,1
Tianhe Yu,1
M. Walker,1
Zichao Yang,1
Ding Liang,1
Quan Yuan,1
Mingxing Tan,1
Chenxi Liu,1
Han Cai,1
Dong Yu,1
Sang-Woo Lee,1
G. Jones,1
Yi Yang,1
Lianli Gao,1
Yiding Yang,1
Yingbo Zhou,1
Jingtuo Liu,1
Alexandre Lacoste,1
J. Chayes,1
Michael Figurnov,1
Panqu Wang,1
Wayne Wu,1
C. Bartone,1
O. Younis,1
Rajdeep Talapatra,1
Hyeongwoo Kim,1
David B. Lindell,1
D. François,1
Hongwei Qin,1
Xuecheng Nie,1
Song Bai,1
Weikang Wang,1
Joseph Marino,1
Yongbo Wang,1
Z. Bian,1
Weijie Gan,1
Y. Lin,1
Sagar Vare,1
Lin Liu,1
D. Feng,1
Ashesh Jain,1
Micah J. Smith,1
Deva Ramanan,1
Hui Li,1
J. Gemmell,1
Mohamed A. Elgharib,1
Der-Horng Lee,1
Mark Bailey,1
Srivatsa Kundurthy,1
Yingbo Zhou,1
A. M. So,1
D. Cusanovich,1
Peter Wonka,1
Jianlei Chi,1
Daiqing Li,1
Guangliang Cheng,1
Seong Joon Oh,1
Zhirui Zhang,1
Xu Yang,1
Qi-Zhi Cai,1
Balaji Krishnamurthy,1
Lei Yuan,1
Evan Moore,1
J. Huddleston,1
Ailing Piao,1
C. Sciuto,1
Anne E. Boustead,1
D. Courtwright,1
G. Alexander,1
M. Mehl,1
Rickard Brüel Gabrielsson,1
Runbo Hu,1
Zongheng Yang,1
Amog Kamsetty,1
Richard T. B. Ma,1
Shuo Ma,1
O. Wolfson,1
Dominik Moritz,1
Ron Avnur,1
Pratul P. Srinivasan,1
Zachary Chavis,1
Fiona Ryan,1
Qichen Fu,1
K. Mangalam,1
A. Oliva,1
H. Park,1
James M. Rehg,1
Libin Wang,1
H. Benbrahim,1
Prabhat,1
Minghua Deng,1
Yikai Zhang,1
Junfeng He,1
Lukas Weber,1
Evan R. Sparks,1
B. Chiu,1
Liudmila Ulanova,1
D. Strong,1
Firas Abuzaid,1
Alexander Behm,1
V. Borkar,1
J. Ok,1
Jian Wen,1
Buwen Wu,1
Yang Cao,1
Stavros Papadopoulos,1
Sohaib Ghani,1
Yuanyuan Tian,1
Junping Zhang,1
Robin Rombach,1
A. Blattmann,1
K. Yelick,1
Haowen Xu,1
Yang Feng,1
Zhaogang Wang,1
Weining Lu,1
Ahmet Erdem Sarıyüce,1
Anton Milan,1
Jun-Peng Fang,1
Phúc H. Lê Khắc,1
Lei Li,1
Jianbo Li,1
R. Huang,1
A. Srinivasan,1
Ilya Kuzovkin,1
Guowen Xu,1
Hongwei Li,1
G. Ateniese,1
Xiangfeng Wang,1
M. Marathe,1
Christian Forster,1
Fernando A. Mujica,1
Jianxin Li,1
P. Borgnat,1
Shaowen Wang,1
Nesime Tatbul,1
Jing Ying,1
Xuan Liu,1
A. Beresford,1
M. Er,1
Xiaoquan Zhang,1
Conghui Zheng,1
Damir Vandic,1
M. Horsch,1
C. W. Glass,1
A. Ragin,1
Jason P. C. Chiu,1
Ingo Müller,1
L. Maaten,1
Odysseas Papapetrou,1
Nils Barlaug,1
S. Shen-Orr,1
Chen Huang,1
Antti J. Kerminen,1
Aaron Sidford,1
Danilo Vasconcellos Vargas,1
Jianxiong Xiao,1
Jin Li,1
Cun-Hui Zhang,1
Dawn Song,1
Yu Wang,1
V. Chandran,1
Hongjie Bai,1
W. Jin,1
Susheel Suresh,1
Naama Elefant,1
Jason I. Hong,1
Minsu Cho,1
R. Harkreader,1
H. Qi,1
Amit Goyal,1
Justin Johnson,1
Jie Wen,1
M. Jacob,1
Jiamin Huang,1
P. Bendel,1
Zhiwu Huang,1
B. Shihada,1
Stephen M. Chu,1
J. Wang,1
J. Bilmes,1
A. Banerjee,1
Zhi Li,1
Xingquan Zhu,1
Hanqing Lu,1
D. Needell,1
Yige Zhang,1
Weixiong Rao,1
Yingxue Zhang,1
Maria Heuss,1
Qihao Shi,1
Tianxiang Zhao,1
Chen Qu,1
Senzhang Wang,1
Rong Wang,1
Hengbo Liu,1
Jinghui Chen,1
Shuang Li,1
Guoping Hu,1
Bolong Zheng,1
Tian-Qi Wang,1
Changjun Fan,1
Hamed Bonab,1
Jonathan Weill,1
Zhijun Liu,1
Jiabin Wang,1
M. Scriminaci,1
Ruocheng Wang,1
Bee-Chung Chen,1
Yong Ge,1
A. Anagnostopoulos,1
Li He,1
Jens Lehmann,1
Rui Zhang,1
Chuan-Ju Wang,1
Zhouyu Fu,1
Chenrui Zhang,1
Marcos André Gonçalves,1
Xing Xie,1
Adam Roegiest,1
Xu Liu,1
Han Yu,1
H. Graf,1
B. Hammer,1
Xindong Wu,1
P. Yu,1
Linchao Zhu,1
X. Wu,1
Shiqiang Yang,1
Zhiwen Yu,1
J. M. Chang,1
Yang Yang,1
Wenjian Wang,1
Kejun Huang,1
Zhipeng Huang,1
Yi Yang,1
Chenping Hou,1
Cuiling Lan,1
Longyuan Li,1
Jianlong Tan,1
Siwei Wang,1
Xu Zou,1
Yuantao Li,1
Junwei Han,1
Jinglin Xu,1
Peng Qian,1
Zhiguang Cao,1
Yu Zheng,1
Fu Xiao,1
Mingyue Cheng,1
Changqing Zhang,1
Yueting Zhuang,1
Leandro L. Minku,1
Yang Zhi,1
Baocai Yin,1
Jin Fan,1
Hanwang Zhang,1
P. Tan,1
Yang Ye,1
Haoran Li,1
X. Yi,1
S. Nepal,1
Ziyu Guan,1
C. Fookes,1
Tianyi Zhou,1
Huan Huo,1
Vishrawas Gopalakrishnan,1
Guangxu Xun,1
Xuying Meng,1
Yifan Zhang,1
Qi Li,1
Jiadi Yu,1
I. Assent,1
Mathias Skovgaard Birk,1
Ling Liu,1
Xiaofei He,1
Shifeng Sun,1
André Kohn,1
Chang Xu,1
Ilya Markov,1
E. Ricci,1
Di Wu,1
Fabio Sigrist,1
Chelsea Finn,1
M. Gürbüzbalaban,1
Lingjiong Zhu,1
D. Blei,1
Junwei Lu,1
Sinead Williamson,1
Tong Zhang,1
R. Tibshirani,1
Svetlana Lazebnik,1
Sha Ouyang,1
Haitao Zheng,1
Ziheng Duan,1
J. Tiedemann,1
Rein Houthooft,1
Lei Zhang,1
Rediet Abebe,1
Georgiana Ifrim,1
Hartwig Adam,1
Zhiyao Chen,1
Jake T. Lussier,1
Kevin J. Lang,1
Jie Li,1
Xu Ling,1
Hang Su,1
Conghui Zhu,1
Kushal Dave,1
Shamsi T. Iqbal,1
R. Stiefelhagen,1
Yuting Su,1
Aurélien Lemay,1
Hongyun Cai,1
X. Dong,1
Juan Carlos Niebles,1
Y. Duan,1
Yilun Lin,1
Gary D Bader,1
Ling Yang,1
David T. Lee,1
Mansooreh Karami,1
Y. Jia,1
D. Graveron-Demilly,1
P. Viswanath,1
Qing Ling,1
N. Polyzotis,1
Zdenek Becvar,1
R. Buskens,1
G. Talbot,1
Lei Rui,1
Gregory Cohen,1
Hao Jiang,1
V. Lee,1
Jinjun Xiong,1
Rajiv Gupta,1
A. Rousskov,1
Jieying She,1
Bogdan Nicolae,1
Jon C. Calhoun,1
Huizhang Luo,1
Leye Wang,1
Z. Luo,1
